Gimkit Spreadsheet Import Template,,,,
Question,Correct Answer,Incorrect Answer 1,Incorrect Answer 2 (Optional),Incorrect Answer 3 (Optional)
What does repel mean?,To push something away,To pull something toward you,To squash a leaf,To float off into the air
What does attract mean?,To pull something toward you,To push something away,To smell of nothing,To grow toward light
What does volatile mean?,Light enough to float into the air,Very green,Sharp and hard,Thick and sticky
Why does a leaf smell stronger after you crush it?,Crushing breaks the tiny pockets,Your hand adds the smell,The leaf grew while you held it,Crushing makes it warmer
You crushed a mint leaf and it smells great. Can you taste it?,"No. Ask a grown-up first, every time","Yes, mint is always fine","Yes, if it smells good",Only a tiny piece
Slugs eat the lettuce and never touch the rosemary. Which word fits?,Repel,Attract,Volatile,Aromatic
A cotton plant being eaten puffs out a smell. What is it doing?,Calling in wasps that go after the caterpillars,Making the caterpillars grow,Watering itself,Growing a thorn
"Why did mint, garlic and basil end up in kitchens?",People liked the taste of the plant defense,They are the easiest plants to grow,They have the biggest leaves,They have no smell at all
What is an aromatic plant?,One with a strong smell,One with sharp thorns,One that climbs a stick,One that grows only in water
A whole clove is quiet. A cut one is loud. What did the knife do?,Broke the pockets and let the smell out,Added a smell of its own,Made the garlic older,Warmed the garlic up
A mirror makes light:,Bounce off in a new straight line,Bend into a curve,Stop dead,Vanish
She shines a flashlight straight at a mirror. The light comes:,Straight back at her,Off to one side,Nowhere,Round a corner
Light hits a mirror at a slant. It leaves at:,The matching angle,A random angle,Straight back,No angle
Seeing round a corner with a mirror works because light:,Bounces off at an angle,Bends round the wall,Goes through the wall,Slows down
The word for bouncing off a mirror is:,Reflect,Refract,Magnify,Block
Which surface reflects light best?,A smooth shiny mirror,A clay pot,Waxed paper,A thin leaf
"After bouncing off the mirror, the light path is:",Straight again,Curved,A circle,Stopped
She wants to hit a target with a bounced beam. She can:,Work out where to aim,Only guess,Never do it,Do it only in the dark
A mirror on the greenhouse wall would make it look:,Brighter,Darker,Smaller,Damper
Two mirrors facing each other show:,"Many pictures, one inside the next",Nothing at all,One picture only,A shadow
Terrain means the:,Shape of a piece of ground,Weather in a place,Name of a town,Size of an army
Cover means anything you can:,Hide behind,Eat,Ride,Sell
The road back to Boston gave the British no:,Cover,Water,Signposts,Bridges
A ridge is a long strip of land that is:,High,Wet,Sandy,Frozen
At Yorktown the sea behind the British became:,A wall,A way out,A supply road,A hiding place
Holding high ground lets an army:,See further,Move faster,Eat better,Sleep longer
A harbor is a safe place beside land for:,Ships,Horses,Sheep,Carts
The militia fired from behind walls because walls gave them:,Cover,Speed,Food,Maps
How many battle sites does Georgia name?,Three,One,Two,Ten
Land can help one side and hurt the other at the:,Same time,Wrong time,End only,Start only
Which unit is best for measuring a pencil?,Inches,Miles,Yards,Pounds
How many inches are in 1 foot?,12,10,3,100
How many feet are in 1 yard?,3,12,10,2
How many centimeters are in 1 meter?,100,10,12,"1,000"
Which is longer?,1 meter,1 centimeter,They are the same,1 inch
"Which word is a preposition? ""The cat sleeps under the bed.""",under,cat,sleeps,bed
"Which word is a conjunction? ""I like tea and honey.""",and,like,tea,honey
"""I was hungry, ___ I ate a snack."" Which word fits?",so,but,or,under
"""Do you want mint ___ basil?"" Which word fits?",or,but,so,under
What does a preposition tell you?,Where or when something is,What someone does,A person's name,How someone feels
